Order_ID,Customer_Name,Gender,City,Product,Category,Order_Date,Quantity,Unit_Price,Sales,Email
1001,"  rahul sharma  ","male","BANGALORE"," laptop ","ELECTRONICS","2026-01-05","2","55000","110000","RAHUL@GMAIL.COM"
1002,"PRIYA n","FEMALE"," bengaluru","MOUSE"," electronics ","05/01/2026","3","750","2250","priya@gmail.com"
1003,"  Amit KUMAR","Male","MUMBAI","keyboard","Electronics","Jan 07 2026","2","1200","2400","AMIT@GMAIL.COM"
1004,"sNeHa rAo","female"," Bangalore ","MONITOR","ELECTRONICS","2026/01/08","1","15000","15000","sneha@gmail.com"
1005,"ARJUN singh ","MALE","delhi","Laptop"," electronics","08-01-2026","1","55000","55000"," ARJUN@GMAIL.COM "
1006," rahul SHARMA","Male","Bangalore","mouse","ELECTRONICS","2026-01-09","2","750","1500","rahul@gmail.com"
1007,"NEHA PATEL","female","HYDERABAD"," Keyboard ","electronics","2026-01-10","","1200","2400","NEHA@GMAIL.COM"
1008,"Ravi kumar "," MALE "," Hyderabad ","monitor"," Electronics ","2026-01-11","2","15000","30000","ravi@gmail.com"
1009,"anita DAS","FEMALE","CHENNAI","LAPTOP","ELECTRONICS","2026-01-12","1","55000","55000",""
1010," KIRAN RAO ","male","chennai"," Mouse","electronics","2026-01-13","4","750","3000","kiran@gmail.com"
1011,"MEENA iyer","Female","Mumbai","KEYBOARD"," ELECTRONICS","2026-01-14","2","1200","2400","MEENA@GMAIL.COM"
1012,"Rahul Sharma","MALE","Bangalore","Laptop","Electronics","2026-01-15","1","55000","55000","rahul@gmail.com"
1012,"Rahul Sharma","MALE","Bangalore","Laptop","Electronics","2026-01-15","1","55000","55000","rahul@gmail.com"
1013," varun SHAH ","Male"," DELHI ","Monitor","electronics","2026-01-16","1","15000","15000","VARUN@GMAIL.COM"
1014,"DIVYA menon","FEMALE","BENGALURU","mouse","Electronics","2026-01-17","5","750","3750","divya@gmail.com"
1015," akash VERMA","male","Hyderabad","LAPTOP","ELECTRONICS","2026-01-18","1","55000","55000","AKASH@GMAIL.COM"
1016,"Neha Patel ","FEMALE","hyderabad","Keyboard"," electronics ","2026-01-19","2","1200","2400","neha@gmail.com"
1017,"RAVI KUMAR","male"," Chennai ","MONITOR","Electronics","2026-01-20","1","15000","15000","RAVI@GMAIL.COM"
1018,"Anita das ","female","CHENNAI"," laptop","ELECTRONICS","2026-01-21","1","55000","55000","anita@gmail.com"
1019,"kiran RAO","MALE"," Chennai","MOUSE","electronics","2026-01-22","3","750","2250","KIRAN@GMAIL.COM"
1020,"MEENA IYER ","female","MUMBAI","Keyboard","Electronics","2026-01-23","2","1200","2400","meena@gmail.com"
1021,"Arjun SINGH","male"," Delhi","Laptop","electronics","2026-01-24","1","55000","55000","arjun@gmail.com"
1022,"SNEHA RAO","FEMALE","Bangalore","Monitor","ELECTRONICS","2026-01-25","2","15000","30000","sneha@gmail.com"
1023," Amit Kumar ","Male","mumbai","Mouse"," electronics","2026-01-26","2","750","1500","amit@gmail.com"
1024,"PRIYA N","female"," Bengaluru ","KEYBOARD","Electronics","2026-01-27","1","1200","1200","PRIYA@GMAIL.COM"
1025,"rahul sharma","MALE","BANGALORE","Laptop","ELECTRONICS","2026-01-28","1","55000","55000","rahul@gmail.com"
1026,"NEHA patel","female"," Hyderabad ","monitor","electronics","2026-01-29","2","15000","30000","NEHA@GMAIL.COM"
1027,"ravi KUMAR","MALE","CHENNAI","Mouse"," Electronics ","2026-01-30","3","750","2250","ravi@gmail.com"
1028,"ANITA DAS","Female"," Chennai ","LAPTOP","ELECTRONICS","2026-01-31","1","55000","55000","anita@gmail.com"
1029,"Varun shah","male","DELHI"," keyboard ","electronics","2026-02-01","2","1200","2400","varun@gmail.com"
1030," divya MENON ","FEMALE","bengaluru","MONITOR"," ELECTRONICS ","2026-02-02","1","15000","15000","DIVYA@GMAIL.COM"
1031,"RAHUL SHARMA","male","bangalore","Laptop","electronics","2026-02-03","-2","55000","-110000","rahul@gmail.com"
1032," Priya n ","Female","BENGALURU","mouse","ELECTRONICS","2026-02-04","three","750","2250","priya@gmail.com"
1033,"AMIT kumar","male","Mumbai","Keyboard","electronics","INVALID_DATE","2","1200","2400","amit@gmail.com"
1034,"Sneha Rao","FEMALE","Bangalore","Monitor","electronics","","1","15000","15000","sneha@gmail.com"
1035,"Arjun Singh","Male","Delhi","Laptop","ELECTRONICS","2026-02-06","1","55,000","55,000","arjun@gmail.com"
1036,"NEHA PATEL ","female","HYDERABAD","Keyboard","Electronics","2026-02-07","2","1,200","2,400","neha@gmail.com"
1037," Ravi Kumar","MALE","CHENNAI","Monitor","electronics","2026-02-08","999","15000","14985000","ravi@gmail.com"
1038,"anita das","female","Chennai","Laptop","Electronics","2026-02-09","1","","55000","anita@gmail.com"
1039,"KIRAN RAO","MALE","CHENNAI","Mouse","ELECTRONICS","2026-02-10","4","750","","kiran@gmail.com"
1040,"  meena IYER  ","Female","Mumbai","Keyboard","electronics","2026-02-11","2","1200","2400",""
1041,"","MALE","Bangalore","Laptop","Electronics","2026-02-12","1","55000","55000","unknown"
1042,"VARUN SHAH","male","","Monitor","ELECTRONICS","2026-02-13","1","15000","15000","varun@gmail.com"
1043,"DIVYA MENON","FEMALE","Bengaluru","Mouse","electronics","2026-02-14","","750","3750","divya@gmail.com"
1044,"akash verma","MALE","hyderabad","Laptop","ELECTRONICS","2026-02-15","1","55000","55000","AKASH@GMAIL.COM"
1045,"RAHUL  SHARMA","Male","Bangalore"," Laptop"," electronics ","2026-02-16","2","55000","110000","rahul@gmail.com"
1046,"Priya N","female","Bengaluru","MOUSE","Electronics","2026-02-17","3","750","2250","PRiya@gmail.com"
1047,"AMIT KUMAR","MALE","MUMBAI","Keyboard","ELECTRONICS","2026-02-18","2","1200","2400","amit@gmail.com"
1048,"Sneha Rao","Female"," Bangalore","Monitor","electronics","2026-02-19","1","15000","15000","sneha@gmail.com"
1049,"Arjun Singh","male","DELHI","Laptop","ELECTRONICS","2026-02-20","1","55000","55000","arjun@gmail.com"
1050,"NEHA PATEL","FEMALE","HYDERABAD","Keyboard","electronics","2026-02-21","2","1200","2400","NEHA@GMAIL.COM"